USE [Form113]
CREATE TABLE Continents (
    idContinent integer NOT NULL,
    name character varying(20)
);

INSERT INTO Continents (idContinent, name) VALUES (1, 'Afrique');
INSERT INTO Continents (idContinent, name) VALUES (2, 'Antarctique');
INSERT INTO Continents (idContinent, name) VALUES (3, 'Asie');
INSERT INTO Continents (idContinent, name) VALUES (4, 'Europe');
INSERT INTO Continents (idContinent, name) VALUES (5, 'Amérique du Nord');
INSERT INTO Continents (idContinent, name) VALUES (6, 'Océanie');
INSERT INTO Continents (idContinent, name) VALUES (7, 'Amérique du Sud');

CREATE TABLE Regions (
    idRegion integer NOT NULL,
    name character varying(26) NOT NULL,
    idContinent integer NOT NULL
);

INSERT INTO Regions (idRegion, name, idContinent) VALUES (1, 'Antarctica', 2);
INSERT INTO Regions (idRegion, name, idContinent) VALUES (2, 'Australia and New Zealand', 6);
INSERT INTO Regions (idRegion, name, idContinent) VALUES (3, 'Baltic Countries', 4);
INSERT INTO Regions (idRegion, name, idContinent) VALUES (4, 'British Islands', 4);
INSERT INTO Regions (idRegion, name, idContinent) VALUES (5, 'Caribbean', 5);
INSERT INTO Regions (idRegion, name, idContinent) VALUES (6, 'Central Africa', 1);
INSERT INTO Regions (idRegion, name, idContinent) VALUES (7, 'Central America', 5);
INSERT INTO Regions (idRegion, name, idContinent) VALUES (8, 'Eastern Africa', 1);
INSERT INTO Regions (idRegion, name, idContinent) VALUES (9, 'Eastern Asia', 3);
INSERT INTO Regions (idRegion, name, idContinent) VALUES (10, 'Eastern Europe', 4);
INSERT INTO Regions (idRegion, name, idContinent) VALUES (11, 'Melanesia', 6);
INSERT INTO Regions (idRegion, name, idContinent) VALUES (12, 'Micronesia', 6);
INSERT INTO Regions (idRegion, name, idContinent) VALUES (13, 'Micronesia/Caribbean', 6);
INSERT INTO Regions (idRegion, name, idContinent) VALUES (14, 'Middle East', 3);
INSERT INTO Regions (idRegion, name, idContinent) VALUES (15, 'Nordic Countries', 4);
INSERT INTO Regions (idRegion, name, idContinent) VALUES (16, 'North America', 5);
INSERT INTO Regions (idRegion, name, idContinent) VALUES (17, 'Northern Africa', 1);
INSERT INTO Regions (idRegion, name, idContinent) VALUES (18, 'Polynesia', 6);
INSERT INTO Regions (idRegion, name, idContinent) VALUES (19, 'South America', 7);
INSERT INTO Regions (idRegion, name, idContinent) VALUES (20, 'Southeast Asia', 3);
INSERT INTO Regions (idRegion, name, idContinent) VALUES (21, 'Southern Africa', 1);
INSERT INTO Regions (idRegion, name, idContinent) VALUES (22, 'Southern and Central Asia', 3);
INSERT INTO Regions (idRegion, name, idContinent) VALUES (23, 'Southern Europe', 4);
INSERT INTO Regions (idRegion, name, idContinent) VALUES (24, 'Western Africa', 1);
INSERT INTO Regions (idRegion, name, idContinent) VALUES (25, 'Western Europe', 4);

CREATE TABLE Pays (
    CodeIso3 character(3) NOT NULL,
    Name character(52) NOT NULL,
    surfacearea double precision NOT NULL,
    indepyear smallint,
    population integer NOT NULL,
    lifeexpectancy double precision,
    gnp double precision,
    gnpold double precision,
    localName character(45) NOT NULL,
    CodeIso2 character(2) NOT NULL,
    idRegion integer NOT NULL,
    idgovform integer NOT NULL,
    idheadofstate integer
);

INSERT INTO Pays (CodeIso3, name, surfacearea, indepyear, population, lifeexpectancy, gnp, gnpold, localName, CodeIso2, idRegion, idgovform, idheadofstate) VALUES ('NFK', 'Norfolk Island                                      ', 36, NULL, 2000, NULL, 0, NULL, 'Norfolk Island                               ', 'NF', 2, 10, 165);
INSERT INTO Pays (CodeIso3, name, surfacearea, indepyear, population, lifeexpectancy, gnp, gnpold, localName, CodeIso2, idRegion, idgovform, idheadofstate) VALUES ('ABW', 'Aruba                                               ', 193, NULL, 103000, 78.400000000000006, 828, 793, 'Aruba                                        ', 'AW', 5, 11, 31);
INSERT INTO Pays (CodeIso3, name, surfacearea, indepyear, population, lifeexpectancy, gnp, gnpold, localName, CodeIso2, idRegion, idgovform, idheadofstate) VALUES ('AFG', 'Afghanistan                                         ', 652090, 1919, 22720000, 45.899999999999999, 5976, NULL, 'Afganistan/Afqanestan                        ', 'AF', 22, 31, 103);
INSERT INTO Pays (CodeIso3, name, surfacearea, indepyear, population, lifeexpectancy, gnp, gnpold, localName, CodeIso2, idRegion, idgovform, idheadofstate) VALUES ('AGO', 'Angola                                              ', 1246700, 1975, 12878000, 38.299999999999997, 6648, 7984, 'Angola                                       ', 'AO', 6, 5, 63);
INSERT INTO Pays (CodeIso3, name, surfacearea, indepyear, population, lifeexpectancy, gnp, gnpold, localName, CodeIso2, idRegion, idgovform, idheadofstate) VALUES ('AIA', 'Anguilla                                            ', 96, NULL, 8000, 76.099999999999994, 63.200000000000003, NULL, 'Anguilla                                     ', 'AI', 5, 24, 165);
INSERT INTO Pays (CodeIso3, name, surfacearea, indepyear, population, lifeexpectancy, gnp, gnpold, localName, CodeIso2, idRegion, idgovform, idheadofstate) VALUES ('ALB', 'Albania                                             ', 28748, 1912, 3401200, 71.599999999999994, 3205, 2500, 'Shqipëria                                    ', 'AL', 23, 5, 21);
INSERT INTO Pays (CodeIso3, name, surfacearea, indepyear, population, lifeexpectancy, gnp, gnpold, localName, CodeIso2, idRegion, idgovform, idheadofstate) VALUES ('AND', 'Andorra                                             ', 468, 1278, 78000, 83.5, 1630, NULL, 'Andorra                                      ', 'AD', 23, 15, NULL);
INSERT INTO Pays (CodeIso3, name, surfacearea, indepyear, population, lifeexpectancy, gnp, gnpold, localName, CodeIso2, idRegion, idgovform, idheadofstate) VALUES ('ANT', 'Netherlands Antilles                                ', 800, NULL, 217000, 74.700000000000003, 1941, NULL, 'Nederlandse Antillen                         ', 'AN', 5, 11, 31);
INSERT INTO Pays (CodeIso3, name, surfacearea, indepyear, population, lifeexpectancy, gnp, gnpold, localName, CodeIso2, idRegion, idgovform, idheadofstate) VALUES ('ARE', 'United Arab Emirates                                ', 83600, 1971, 2441000, 74.099999999999994, 37966, 36846, 'Al-Imarat al-´Arabiya al-Muttahida           ', 'AE', 14, 34, 54);
INSERT INTO Pays (CodeIso3, name, surfacearea, indepyear, population, lifeexpectancy, gnp, gnpold, localName, CodeIso2, idRegion, idgovform, idheadofstate) VALUES ('ARG', 'Argentina                                           ', 2780400, 1816, 37032000, 75.099999999999994, 340238, 323310, 'Argentina                                    ', 'AR', 19, 19, 26);
INSERT INTO Pays (CodeIso3, name, surfacearea, indepyear, population, lifeexpectancy, gnp, gnpold, localName, CodeIso2, idRegion, idgovform, idheadofstate) VALUES ('ARM', 'Armenia                                             ', 29800, 1991, 3520000, 66.400000000000006, 1813, 1627, 'Hajastan                                     ', 'AM', 14, 5, 89);
INSERT INTO Pays (CodeIso3, name, surfacearea, indepyear, population, lifeexpectancy, gnp, gnpold, localName, CodeIso2, idRegion, idgovform, idheadofstate) VALUES ('ASM', 'American Samoa                                      ', 199, NULL, 68000, 75.099999999999994, 334, NULL, 'Amerika Samoa                                ', 'AS', 18, 7, 142);
INSERT INTO Pays (CodeIso3, name, surfacearea, indepyear, population, lifeexpectancy, gnp, gnpold, localName, CodeIso2, idRegion, idgovform, idheadofstate) VALUES ('ATA', 'Antarctica                                          ', 13120000, NULL, 0, NULL, 0, NULL, '–                                            ', 'AQ', 1, 23, NULL);
INSERT INTO Pays (CodeIso3, name, surfacearea, indepyear, population, lifeexpectancy, gnp, gnpold, localName, CodeIso2, idRegion, idgovform, idheadofstate) VALUES ('ATF', 'French Southern territories                         ', 7780, NULL, 0, NULL, 0, NULL, 'Terres australes françaises                  ', 'TF', 1, 25, 59);
INSERT INTO Pays (CodeIso3, name, surfacearea, indepyear, population, lifeexpectancy, gnp, gnpold, localName, CodeIso2, idRegion, idgovform, idheadofstate) VALUES ('ATG', 'Antigua and Barbuda                                 ', 442, 1981, 68000, 70.5, 612, 584, 'Antigua and Barbuda                          ', 'AG', 5, 3, 165);
INSERT INTO Pays (CodeIso3, name, surfacearea, indepyear, population, lifeexpectancy, gnp, gnpold, localName, CodeIso2, idRegion, idgovform, idheadofstate) VALUES ('AUS', 'Australia                                           ', 7741220, 1901, 18886000, 79.799999999999997, 351182, 392911, 'Australia                                    ', 'AU', 2, 9, 165);
INSERT INTO Pays (CodeIso3, name, surfacearea, indepyear, population, lifeexpectancy, gnp, gnpold, localName, CodeIso2, idRegion, idgovform, idheadofstate) VALUES ('AUT', 'Austria                                             ', 83859, 1918, 8091800, 77.700000000000003, 211860, 206025, 'Österreich                                   ', 'AT', 25, 19, 39);
INSERT INTO Pays (CodeIso3, name, surfacearea, indepyear, population, lifeexpectancy, gnp, gnpold, localName, CodeIso2, idRegion, idgovform, idheadofstate) VALUES ('AZE', 'Azerbaijan                                          ', 86600, 1991, 7734000, 62.899999999999999, 4127, 4100, 'Azärbaycan                                   ', 'AZ', 14, 19, 15);
INSERT INTO Pays (CodeIso3, name, surfacearea, indepyear, population, lifeexpectancy, gnp, gnpold, localName, CodeIso2, idRegion, idgovform, idheadofstate) VALUES ('BDI', 'Burundi                                             ', 27834, 1962, 6695000, 46.200000000000003, 903, 982, 'Burundi/Uburundi                             ', 'BI', 8, 5, 94);
INSERT INTO Pays (CodeIso3, name, surfacearea, indepyear, population, lifeexpectancy, gnp, gnpold, localName, CodeIso2, idRegion, idgovform, idheadofstate) VALUES ('BEL', 'Belgium                                             ', 30518, 1830, 10239000, 77.799999999999997, 249704, 243948, 'België/Belgique                              ', 'BE', 25, 9, 35);
INSERT INTO Pays (CodeIso3, name, surfacearea, indepyear, population, lifeexpectancy, gnp, gnpold, localName, CodeIso2, idRegion, idgovform, idheadofstate) VALUES ('BEN', 'Benin                                               ', 112622, 1960, 6097000, 50.200000000000003, 2357, 2141, 'Bénin                                        ', 'BJ', 24, 5, 173);
INSERT INTO Pays (CodeIso3, name, surfacearea, indepyear, population, lifeexpectancy, gnp, gnpold, localName, CodeIso2, idRegion, idgovform, idheadofstate) VALUES ('BFA', 'Burkina Faso                                        ', 274000, 1960, 11937000, 46.700000000000003, 2425, 2201, 'Burkina Faso                                 ', 'BF', 24, 5, 71);
INSERT INTO Pays (CodeIso3, name, surfacearea, indepyear, population, lifeexpectancy, gnp, gnpold, localName, CodeIso2, idRegion, idgovform, idheadofstate) VALUES ('BGD', 'Bangladesh                                          ', 143998, 1971, 129155000, 60.200000000000003, 32852, 31966, 'Bangladesh                                   ', 'BD', 22, 5, 178);
INSERT INTO Pays (CodeIso3, name, surfacearea, indepyear, population, lifeexpectancy, gnp, gnpold, localName, CodeIso2, idRegion, idgovform, idheadofstate) VALUES ('BGR', 'Bulgaria                                            ', 110994, 1908, 8190900, 70.900000000000006, 12178, 10169, 'Balgarija                                    ', 'BG', 10, 5, 135);
INSERT INTO Pays (CodeIso3, name, surfacearea, indepyear, population, lifeexpectancy, gnp, gnpold, localName, CodeIso2, idRegion, idgovform, idheadofstate) VALUES ('BHR', 'Bahrain                                             ', 694, 1971, 617000, 73, 6366, 6097, 'Al-Bahrayn                                   ', 'BH', 14, 8, 67);
INSERT INTO Pays (CodeIso3, name, surfacearea, indepyear, population, lifeexpectancy, gnp, gnpold, localName, CodeIso2, idRegion, idgovform, idheadofstate) VALUES ('BHS', 'Bahamas                                             ', 13878, 1973, 307000, 71.099999999999994, 3527, 3347, 'The Bahamas                                  ', 'BS', 5, 3, 165);
INSERT INTO Pays (CodeIso3, name, surfacearea, indepyear, population, lifeexpectancy, gnp, gnpold, localName, CodeIso2, idRegion, idgovform, idheadofstate) VALUES ('BIH', 'Bosnia and Herzegovina                              ', 51197, 1992, 3972000, 71.5, 2841, NULL, 'Bosna i Hercegovina                          ', 'BA', 23, 19, 23);
INSERT INTO Pays (CodeIso3, name, surfacearea, indepyear, population, lifeexpectancy, gnp, gnpold, localName, CodeIso2, idRegion, idgovform, idheadofstate) VALUES ('BLR', 'Belarus                                             ', 207600, 1991, 10236000, 68, 13714, NULL, 'Belarus                                      ', 'BY', 10, 5, 163);
INSERT INTO Pays (CodeIso3, name, surfacearea, indepyear, population, lifeexpectancy, gnp, gnpold, localName, CodeIso2, idRegion, idgovform, idheadofstate) VALUES ('BLZ', 'Belize                                              ', 22696, 1981, 241000, 70.900000000000006, 630, 616, 'Belize                                       ', 'BZ', 7, 3, 165);
INSERT INTO Pays (CodeIso3, name, surfacearea, indepyear, population, lifeexpectancy, gnp, gnpold, localName, CodeIso2, idRegion, idgovform, idheadofstate) VALUES ('BMU', 'Bermuda                                             ', 53, NULL, 65000, 76.900000000000006, 2328, 2190, 'Bermuda                                      ', 'BM', 16, 24, 165);
INSERT INTO Pays (CodeIso3, name, surfacearea, indepyear, population, lifeexpectancy, gnp, gnpold, localName, CodeIso2, idRegion, idgovform, idheadofstate) VALUES ('BOL', 'Bolivia                                             ', 1098581, 1825, 8329000, 63.700000000000003, 8571, 7967, 'Bolivia                                      ', 'BO', 19, 5, 18);
INSERT INTO Pays (CodeIso3, name, surfacearea, indepyear, population, lifeexpectancy, gnp, gnpold, localName, CodeIso2, idRegion, idgovform, idheadofstate) VALUES ('BRA', 'Brazil                                              ', 8547403, 1822, 170115000, 62.899999999999999, 776739, 804108, 'Brasil                                       ', 'BR', 19, 19, 7);
INSERT INTO Pays (CodeIso3, name, surfacearea, indepyear, population, lifeexpectancy, gnp, gnpold, localName, CodeIso2, idRegion, idgovform, idheadofstate) VALUES ('BRB', 'Barbados                                            ', 430, 1966, 270000, 73, 2223, 2186, 'Barbados                                     ', 'BB', 5, 3, 165);
INSERT INTO Pays (CodeIso3, name, surfacearea, indepyear, population, lifeexpectancy, gnp, gnpold, localName, CodeIso2, idRegion, idgovform, idheadofstate) VALUES ('BRN', 'Brunei                                              ', 5765, 1984, 328000, 73.599999999999994, 11705, 12460, 'Brunei Darussalam                            ', 'BN', 20, 28, 45);
INSERT INTO Pays (CodeIso3, name, surfacearea, indepyear, population, lifeexpectancy, gnp, gnpold, localName, CodeIso2, idRegion, idgovform, idheadofstate) VALUES ('BTN', 'Bhutan                                              ', 47000, 1910, 2124000, 52.399999999999999, 372, 383, 'Druk-Yul                                     ', 'BT', 22, 1, 78);
INSERT INTO Pays (CodeIso3, name, surfacearea, indepyear, population, lifeexpectancy, gnp, gnpold, localName, CodeIso2, idRegion, idgovform, idheadofstate) VALUES ('BVT', 'Bouvet Island                                       ', 59, NULL, 0, NULL, 0, NULL, 'Bouvetøya                                    ', 'BV', 1, 26, 168);
INSERT INTO Pays (CodeIso3, name, surfacearea, indepyear, population, lifeexpectancy, gnp, gnpold, localName, CodeIso2, idRegion, idgovform, idheadofstate) VALUES ('BWA', 'Botswana                                            ', 581730, 1966, 1622000, 39.299999999999997, 4834, 4935, 'Botswana                                     ', 'BW', 21, 5, 61);
INSERT INTO Pays (CodeIso3, name, surfacearea, indepyear, population, lifeexpectancy, gnp, gnpold, localName, CodeIso2, idRegion, idgovform, idheadofstate) VALUES ('CAF', 'Central African Republic                            ', 622984, 1960, 3615000, 44, 1054, 993, 'Centrafrique/Bê-Afrîka                       ', 'CF', 6, 5, 37);
INSERT INTO Pays (CodeIso3, name, surfacearea, indepyear, population, lifeexpectancy, gnp, gnpold, localName, CodeIso2, idRegion, idgovform, idheadofstate) VALUES ('CAN', 'Canada                                              ', 9970610, 1867, 31147000, 79.400000000000006, 598862, 625626, 'Canada                                       ', 'CA', 16, 9, 165);
INSERT INTO Pays (CodeIso3, name, surfacearea, indepyear, population, lifeexpectancy, gnp, gnpold, localName, CodeIso2, idRegion, idgovform, idheadofstate) VALUES ('CCK', 'Cocos (Keeling) Islands                             ', 14, NULL, 600, NULL, 0, NULL, 'Cocos (Keeling) Islands                      ', 'CC', 2, 10, 165);
INSERT INTO Pays (CodeIso3, name, surfacearea, indepyear, population, lifeexpectancy, gnp, gnpold, localName, CodeIso2, idRegion, idgovform, idheadofstate) VALUES ('CHE', 'Switzerland                                         ', 41284, 1499, 7160400, 79.599999999999994, 264478, 256092, 'Schweiz/Suisse/Svizzera/Svizra               ', 'CH', 25, 17, 141);
INSERT INTO Pays (CodeIso3, name, surfacearea, indepyear, population, lifeexpectancy, gnp, gnpold, localName, CodeIso2, idRegion, idgovform, idheadofstate) VALUES ('CHL', 'Chile                                               ', 756626, 1810, 15211000, 75.700000000000003, 72949, 75780, 'Chile                                        ', 'CL', 19, 5, 49);
INSERT INTO Pays (CodeIso3, name, surfacearea, indepyear, population, lifeexpectancy, gnp, gnpold, localName, CodeIso2, idRegion, idgovform, idheadofstate) VALUES ('CHN', 'China                                               ', 9572900, -1523, 1277558000, 71.400000000000006, 982268, 917719, 'Zhongquo                                     ', 'CN', 9, 29, 88);
INSERT INTO Pays (CodeIso3, name, surfacearea, indepyear, population, lifeexpectancy, gnp, gnpold, localName, CodeIso2, idRegion, idgovform, idheadofstate) VALUES ('CIV', 'Côte d’Ivoire                                       ', 322463, 1960, 14786000, 45.200000000000003, 11345, 10285, 'Côte d’Ivoire                                ', 'CI', 24, 5, 48);
INSERT INTO Pays (CodeIso3, name, surfacearea, indepyear, population, lifeexpectancy, gnp, gnpold, localName, CodeIso2, idRegion, idgovform, idheadofstate) VALUES ('CMR', 'Cameroon                                            ', 475442, 1960, 15085000, 54.799999999999997, 9174, 8596, 'Cameroun/Cameroon                            ', 'CM', 6, 5, 147);
INSERT INTO Pays (CodeIso3, name, surfacearea, indepyear, population, lifeexpectancy, gnp, gnpold, localName, CodeIso2, idRegion, idgovform, idheadofstate) VALUES ('COD', 'Congo, The Democratic Republic of the               ', 2344858, 1960, 51654000, 48.799999999999997, 6964, 2474, 'République Démocratique du Congo             ', 'CD', 6, 5, 53);
INSERT INTO Pays (CodeIso3, name, surfacearea, indepyear, population, lifeexpectancy, gnp, gnpold, localName, CodeIso2, idRegion, idgovform, idheadofstate) VALUES ('COG', 'Congo                                               ', 342000, 1960, 2943000, 47.399999999999999, 2108, 2287, 'Congo                                        ', 'CG', 6, 5, 47);
INSERT INTO Pays (CodeIso3, name, surfacearea, indepyear, population, lifeexpectancy, gnp, gnpold, localName, CodeIso2, idRegion, idgovform, idheadofstate) VALUES ('COK', 'Cook Islands                                        ', 236, NULL, 20000, 71.099999999999994, 100, NULL, 'The Cook Islands                             ', 'CK', 18, 27, 165);
INSERT INTO Pays (CodeIso3, name, surfacearea, indepyear, population, lifeexpectancy, gnp, gnpold, localName, CodeIso2, idRegion, idgovform, idheadofstate) VALUES ('COL', 'Colombia                                            ', 1138914, 1810, 42321000, 70.299999999999997, 102896, 105116, 'Colombia                                     ', 'CO', 19, 5, 99);
INSERT INTO Pays (CodeIso3, name, surfacearea, indepyear, population, lifeexpectancy, gnp, gnpold, localName, CodeIso2, idRegion, idgovform, idheadofstate) VALUES ('COM', 'Comoros                                             ', 1862, 1975, 578000, 60, 4401, 4361, 'Komori/Comores                               ', 'KM', 8, 5, 95);
INSERT INTO Pays (CodeIso3, name, surfacearea, indepyear, population, lifeexpectancy, gnp, gnpold, localName, CodeIso2, idRegion, idgovform, idheadofstate) VALUES ('CPV', 'Cape Verde                                          ', 4033, 1975, 428000, 68.900000000000006, 435, 420, 'Cabo Verde                                   ', 'CV', 24, 5, 65);
INSERT INTO Pays (CodeIso3, name, surfacearea, indepyear, population, lifeexpectancy, gnp, gnpold, localName, CodeIso2, idRegion, idgovform, idheadofstate) VALUES ('CRI', 'Costa Rica                                          ', 51100, 1821, 4023000, 75.799999999999997, 10226, 9757, 'Costa Rica                                   ', 'CR', 7, 5, 116);
INSERT INTO Pays (CodeIso3, name, surfacearea, indepyear, population, lifeexpectancy, gnp, gnpold, localName, CodeIso2, idRegion, idgovform, idheadofstate) VALUES ('CUB', 'Cuba                                                ', 110861, 1902, 11201000, 76.200000000000003, 17843, 18862, 'Cuba                                         ', 'CU', 5, 18, 69);
INSERT INTO Pays (CodeIso3, name, surfacearea, indepyear, population, lifeexpectancy, gnp, gnpold, localName, CodeIso2, idRegion, idgovform, idheadofstate) VALUES ('CXR', 'Christmas Island                                    ', 135, NULL, 2500, NULL, 0, NULL, 'Christmas Island                             ', 'CX', 2, 10, 165);
INSERT INTO Pays (CodeIso3, name, surfacearea, indepyear, population, lifeexpectancy, gnp, gnpold, localName, CodeIso2, idRegion, idgovform, idheadofstate) VALUES ('CYM', 'Cayman Islands                                      ', 264, NULL, 38000, 78.900000000000006, 1263, 1186, 'Cayman Islands                               ', 'KY', 5, 24, 165);
INSERT INTO Pays (CodeIso3, name, surfacearea, indepyear, population, lifeexpectancy, gnp, gnpold, localName, CodeIso2, idRegion, idgovform, idheadofstate) VALUES ('CYP', 'Cyprus                                              ', 9251, 1960, 754700, 76.700000000000003, 9333, 8246, 'Kýpros/Kibris                                ', 'CY', 14, 5, 108);
INSERT INTO Pays (CodeIso3, name, surfacearea, indepyear, population, lifeexpectancy, gnp, gnpold, localName, CodeIso2, idRegion, idgovform, idheadofstate) VALUES ('CZE', 'Czech Republic                                      ', 78866, 1993, 10278100, 74.5, 55017, 52037, '¸esko                                        ', 'CZ', 10, 5, 56);
INSERT INTO Pays (CodeIso3, name, surfacearea, indepyear, population, lifeexpectancy, gnp, gnpold, localName, CodeIso2, idRegion, idgovform, idheadofstate) VALUES ('DEU', 'Germany                                             ', 357022, 1955, 82164700, 77.400000000000006, 2133367, 2102826, 'Deutschland                                  ', 'DE', 25, 19, 106);
INSERT INTO Pays (CodeIso3, name, surfacearea, indepyear, population, lifeexpectancy, gnp, gnpold, localName, CodeIso2, idRegion, idgovform, idheadofstate) VALUES ('DJI', 'Djibouti                                            ', 23200, 1977, 638000, 50.799999999999997, 382, 373, 'Djibouti/Jibuti                              ', 'DJ', 8, 5, 110);
INSERT INTO Pays (CodeIso3, name, surfacearea, indepyear, population, lifeexpectancy, gnp, gnpold, localName, CodeIso2, idRegion, idgovform, idheadofstate) VALUES ('DMA', 'Dominica                                            ', 751, 1978, 71000, 73.400000000000006, 256, 243, 'Dominica                                     ', 'DM', 5, 5, 24);
INSERT INTO Pays (CodeIso3, name, surfacearea, indepyear, population, lifeexpectancy, gnp, gnpold, localName, CodeIso2, idRegion, idgovform, idheadofstate) VALUES ('DNK', 'Denmark                                             ', 43094, 800, 5330000, 76.5, 174099, 169264, 'Danmark                                      ', 'DK', 15, 3, 128);
INSERT INTO Pays (CodeIso3, name, surfacearea, indepyear, population, lifeexpectancy, gnp, gnpold, localName, CodeIso2, idRegion, idgovform, idheadofstate) VALUES ('DOM', 'Dominican Republic                                  ', 48511, 1844, 8495000, 73.200000000000003, 15846, 15076, 'República Dominicana                         ', 'DO', 5, 5, 161);
INSERT INTO Pays (CodeIso3, name, surfacearea, indepyear, population, lifeexpectancy, gnp, gnpold, localName, CodeIso2, idRegion, idgovform, idheadofstate) VALUES ('DZA', 'Algeria                                             ', 2381741, 1962, 31471000, 69.700000000000003, 49982, 46966, 'Al-Jaza’ir/Algérie                           ', 'DZ', 17, 5, 140);
INSERT INTO Pays (CodeIso3, name, surfacearea, indepyear, population, lifeexpectancy, gnp, gnpold, localName, CodeIso2, idRegion, idgovform, idheadofstate) VALUES ('ECU', 'Ecuador                                             ', 283561, 1822, 12646000, 71.099999999999994, 19770, 19769, 'Ecuador                                      ', 'EC', 19, 5, 156);
INSERT INTO Pays (CodeIso3, name, surfacearea, indepyear, population, lifeexpectancy, gnp, gnpold, localName, CodeIso2, idRegion, idgovform, idheadofstate) VALUES ('EGY', 'Egypt                                               ', 1001449, 1922, 68470000, 63.299999999999997, 82710, 75617, 'Misr                                         ', 'EG', 17, 5, 50);
INSERT INTO Pays (CodeIso3, name, surfacearea, indepyear, population, lifeexpectancy, gnp, gnpold, localName, CodeIso2, idRegion, idgovform, idheadofstate) VALUES ('ERI', 'Eritrea                                             ', 117600, 1993, 3850000, 55.799999999999997, 650, 755, 'Ertra                                        ', 'ER', 8, 5, 42);
INSERT INTO Pays (CodeIso3, name, surfacearea, indepyear, population, lifeexpectancy, gnp, gnpold, localName, CodeIso2, idRegion, idgovform, idheadofstate) VALUES ('ESH', 'Western Sahara                                      ', 266000, NULL, 293000, 49.799999999999997, 60, NULL, 'As-Sahrawiya                                 ', 'EH', 17, 13, 5);
INSERT INTO Pays (CodeIso3, name, surfacearea, indepyear, population, lifeexpectancy, gnp, gnpold, localName, CodeIso2, idRegion, idgovform, idheadofstate) VALUES ('ESP', 'Spain                                               ', 505992, 1492, 39441700, 78.799999999999997, 553233, 532031, 'España                                       ', 'ES', 23, 3, 25);
INSERT INTO Pays (CodeIso3, name, surfacearea, indepyear, population, lifeexpectancy, gnp, gnpold, localName, CodeIso2, idRegion, idgovform, idheadofstate) VALUES ('EST', 'Estonia                                             ', 45227, 1991, 1439200, 69.5, 5328, 3371, 'Eesti                                        ', 'EE', 3, 5, 129);
INSERT INTO Pays (CodeIso3, name, surfacearea, indepyear, population, lifeexpectancy, gnp, gnpold, localName, CodeIso2, idRegion, idgovform, idheadofstate) VALUES ('ETH', 'Ethiopia                                            ', 1104300, -1000, 62565000, 45.200000000000003, 6353, 6180, 'YeItyop´iya                                  ', 'ET', 8, 5, 111);
INSERT INTO Pays (CodeIso3, name, surfacearea, indepyear, population, lifeexpectancy, gnp, gnpold, localName, CodeIso2, idRegion, idgovform, idheadofstate) VALUES ('FIN', 'Finland                                             ', 338145, 1917, 5171300, 77.400000000000006, 121914, 119833, 'Suomi                                        ', 'FI', 15, 5, 75);
INSERT INTO Pays (CodeIso3, name, surfacearea, indepyear, population, lifeexpectancy, gnp, gnpold, localName, CodeIso2, idRegion, idgovform, idheadofstate) VALUES ('FJI', 'Fiji Islands                                        ', 18274, 1970, 817000, 67.900000000000006, 1536, 2149, 'Fiji Islands                                 ', 'FJ', 11, 5, 102);
INSERT INTO Pays (CodeIso3, name, surfacearea, indepyear, population, lifeexpectancy, gnp, gnpold, localName, CodeIso2, idRegion, idgovform, idheadofstate) VALUES ('FLK', 'Falkland Islands                                    ', 12173, NULL, 2000, NULL, 0, NULL, 'Falkland Islands                             ', 'FK', 19, 24, 165);
INSERT INTO Pays (CodeIso3, name, surfacearea, indepyear, population, lifeexpectancy, gnp, gnpold, localName, CodeIso2, idRegion, idgovform, idheadofstate) VALUES ('FRA', 'France                                              ', 551500, 843, 59225700, 78.799999999999997, 1424285, 1392448, 'France                                       ', 'FR', 25, 5, 59);
INSERT INTO Pays (CodeIso3, name, surfacearea, indepyear, population, lifeexpectancy, gnp, gnpold, localName, CodeIso2, idRegion, idgovform, idheadofstate) VALUES ('FRO', 'Faroe Islands                                       ', 1399, NULL, 43000, 78.400000000000006, 0, NULL, 'Føroyar                                      ', 'FO', 15, 4, 128);
INSERT INTO Pays (CodeIso3, name, surfacearea, indepyear, population, lifeexpectancy, gnp, gnpold, localName, CodeIso2, idRegion, idgovform, idheadofstate) VALUES ('FSM', 'Micronesia, Federated States of                     ', 702, 1990, 119000, 68.599999999999994, 212, NULL, 'Micronesia                                   ', 'FM', 12, 19, 124);
INSERT INTO Pays (CodeIso3, name, surfacearea, indepyear, population, lifeexpectancy, gnp, gnpold, localName, CodeIso2, idRegion, idgovform, idheadofstate) VALUES ('GAB', 'Gabon                                               ', 267668, 1960, 1226000, 50.100000000000001, 5493, 5279, 'Le Gabon                                     ', 'GA', 6, 5, 120);
INSERT INTO Pays (CodeIso3, name, surfacearea, indepyear, population, lifeexpectancy, gnp, gnpold, localName, CodeIso2, idRegion, idgovform, idheadofstate) VALUES ('GBR', 'United Kingdom                                      ', 242900, 1066, 59623400, 77.700000000000003, 1378330, 1296830, 'United Kingdom                               ', 'GB', 4, 3, 165);
INSERT INTO Pays (CodeIso3, name, surfacearea, indepyear, population, lifeexpectancy, gnp, gnpold, localName, CodeIso2, idRegion, idgovform, idheadofstate) VALUES ('GEO', 'Georgia                                             ', 69700, 1991, 4968000, 64.5, 6064, 5924, 'Sakartvelo                                   ', 'GE', 14, 5, 20);
INSERT INTO Pays (CodeIso3, name, surfacearea, indepyear, population, lifeexpectancy, gnp, gnpold, localName, CodeIso2, idRegion, idgovform, idheadofstate) VALUES ('GHA', 'Ghana                                               ', 238533, 1957, 20212000, 57.399999999999999, 7137, 6884, 'Ghana                                        ', 'GH', 24, 5, 122);
INSERT INTO Pays (CodeIso3, name, surfacearea, indepyear, population, lifeexpectancy, gnp, gnpold, localName, CodeIso2, idRegion, idgovform, idheadofstate) VALUES ('GIB', 'Gibraltar                                           ', 6, NULL, 25000, 79, 258, NULL, 'Gibraltar                                    ', 'GI', 23, 24, 165);
INSERT INTO Pays (CodeIso3, name, surfacearea, indepyear, population, lifeexpectancy, gnp, gnpold, localName, CodeIso2, idRegion, idgovform, idheadofstate) VALUES ('GIN', 'Guinea                                              ', 245857, 1958, 7430000, 45.600000000000001, 2352, 2383, 'Guinée                                       ', 'GN', 24, 5, 27);
INSERT INTO Pays (CodeIso3, name, surfacearea, indepyear, population, lifeexpectancy, gnp, gnpold, localName, CodeIso2, idRegion, idgovform, idheadofstate) VALUES ('GLP', 'Guadeloupe                                          ', 1705, NULL, 456000, 77, 3501, NULL, 'Guadeloupe                                   ', 'GP', 5, 2, 59);
INSERT INTO Pays (CodeIso3, name, surfacearea, indepyear, population, lifeexpectancy, gnp, gnpold, localName, CodeIso2, idRegion, idgovform, idheadofstate) VALUES ('GMB', 'Gambia                                              ', 11295, 1965, 1305000, 53.200000000000003, 320, 325, 'The Gambia                                   ', 'GM', 24, 5, 73);
INSERT INTO Pays (CodeIso3, name, surfacearea, indepyear, population, lifeexpectancy, gnp, gnpold, localName, CodeIso2, idRegion, idgovform, idheadofstate) VALUES ('GNB', 'Guinea-Bissau                                       ', 36125, 1974, 1213000, 49, 293, 272, 'Guiné-Bissau                                 ', 'GW', 24, 5, 14);
INSERT INTO Pays (CodeIso3, name, surfacearea, indepyear, population, lifeexpectancy, gnp, gnpold, localName, CodeIso2, idRegion, idgovform, idheadofstate) VALUES ('GNQ', 'Equatorial Guinea                                   ', 28051, 1968, 453000, 53.600000000000001, 283, 542, 'Guinea Ecuatorial                            ', 'GQ', 6, 5, 171);
INSERT INTO Pays (CodeIso3, name, surfacearea, indepyear, population, lifeexpectancy, gnp, gnpold, localName, CodeIso2, idRegion, idgovform, idheadofstate) VALUES ('GRC', 'Greece                                              ', 131626, 1830, 10545700, 78.400000000000006, 120724, 119946, 'Elláda                                       ', 'GR', 23, 5, 158);
INSERT INTO Pays (CodeIso3, name, surfacearea, indepyear, population, lifeexpectancy, gnp, gnpold, localName, CodeIso2, idRegion, idgovform, idheadofstate) VALUES ('GRD', 'Grenada                                             ', 344, 1974, 94000, 64.5, 318, NULL, 'Grenada                                      ', 'GD', 5, 3, 165);
INSERT INTO Pays (CodeIso3, name, surfacearea, indepyear, population, lifeexpectancy, gnp, gnpold, localName, CodeIso2, idRegion, idgovform, idheadofstate) VALUES ('GRL', 'Greenland                                           ', 2166090, NULL, 56000, 68.099999999999994, 0, NULL, 'Kalaallit Nunaat/Grønland                    ', 'GL', 16, 4, 128);
INSERT INTO Pays (CodeIso3, name, surfacearea, indepyear, population, lifeexpectancy, gnp, gnpold, localName, CodeIso2, idRegion, idgovform, idheadofstate) VALUES ('GTM', 'Guatemala                                           ', 108889, 1821, 11385000, 66.200000000000003, 19008, 17797, 'Guatemala                                    ', 'GT', 7, 5, 143);
INSERT INTO Pays (CodeIso3, name, surfacearea, indepyear, population, lifeexpectancy, gnp, gnpold, localName, CodeIso2, idRegion, idgovform, idheadofstate) VALUES ('GUF', 'French Guiana                                       ', 90000, NULL, 181000, 76.099999999999994, 681, NULL, 'Guyane française                             ', 'GF', 19, 2, 59);
INSERT INTO Pays (CodeIso3, name, surfacearea, indepyear, population, lifeexpectancy, gnp, gnpold, localName, CodeIso2, idRegion, idgovform, idheadofstate) VALUES ('GUM', 'Guam                                                ', 549, NULL, 168000, 77.799999999999997, 1197, 1136, 'Guam                                         ', 'GU', 12, 7, 142);
INSERT INTO Pays (CodeIso3, name, surfacearea, indepyear, population, lifeexpectancy, gnp, gnpold, localName, CodeIso2, idRegion, idgovform, idheadofstate) VALUES ('GUY', 'Guyana                                              ', 214969, 1966, 861000, 64, 722, 743, 'Guyana                                       ', 'GY', 19, 5, 119);
INSERT INTO Pays (CodeIso3, name, surfacearea, indepyear, population, lifeexpectancy, gnp, gnpold, localName, CodeIso2, idRegion, idgovform, idheadofstate) VALUES ('HKG', 'Hong Kong                                           ', 1075, NULL, 6782000, 79.5, 166448, 173610, 'Xianggang/Hong Kong                          ', 'HK', 9, 20, 88);
INSERT INTO Pays (CodeIso3, name, surfacearea, indepyear, population, lifeexpectancy, gnp, gnpold, localName, CodeIso2, idRegion, idgovform, idheadofstate) VALUES ('HMD', 'Heard Island and McDonald Islands                   ', 359, NULL, 0, NULL, 0, NULL, 'Heard and McDonald Islands                   ', 'HM', 1, 10, 165);
INSERT INTO Pays (CodeIso3, name, surfacearea, indepyear, population, lifeexpectancy, gnp, gnpold, localName, CodeIso2, idRegion, idgovform, idheadofstate) VALUES ('HND', 'Honduras                                            ', 112088, 1838, 6485000, 69.900000000000006, 5333, 4697, 'Honduras                                     ', 'HN', 7, 5, 157);
INSERT INTO Pays (CodeIso3, name, surfacearea, indepyear, population, lifeexpectancy, gnp, gnpold, localName, CodeIso2, idRegion, idgovform, idheadofstate) VALUES ('HRV', 'Croatia                                             ', 56538, 1991, 4473000, 73.700000000000003, 20208, 19300, 'Hrvatska                                     ', 'HR', 23, 5, 133);
INSERT INTO Pays (CodeIso3, name, surfacearea, indepyear, population, lifeexpectancy, gnp, gnpold, localName, CodeIso2, idRegion, idgovform, idheadofstate) VALUES ('HTI', 'Haiti                                               ', 27750, 1804, 8222000, 49.200000000000003, 3459, 3107, 'Haïti/Dayti                                  ', 'HT', 5, 5, 115);
INSERT INTO Pays (CodeIso3, name, surfacearea, indepyear, population, lifeexpectancy, gnp, gnpold, localName, CodeIso2, idRegion, idgovform, idheadofstate) VALUES ('HUN', 'Hungary                                             ', 93030, 1918, 10043200, 71.400000000000006, 48267, 45914, 'Magyarország                                 ', 'HU', 10, 5, 90);
INSERT INTO Pays (CodeIso3, name, surfacearea, indepyear, population, lifeexpectancy, gnp, gnpold, localName, CodeIso2, idRegion, idgovform, idheadofstate) VALUES ('IDN', 'Indonesia                                           ', 1904569, 1945, 212107000, 68, 84982, 215002, 'Indonesia                                    ', 'ID', 20, 5, 60);
INSERT INTO Pays (CodeIso3, name, surfacearea, indepyear, population, lifeexpectancy, gnp, gnpold, localName, CodeIso2, idRegion, idgovform, idheadofstate) VALUES ('IND', 'India                                               ', 3287263, 1947, 1013662000, 62.5, 447114, 430572, 'Bharat/India                                 ', 'IN', 22, 19, 1);
INSERT INTO Pays (CodeIso3, name, surfacearea, indepyear, population, lifeexpectancy, gnp, gnpold, localName, CodeIso2, idRegion, idgovform, idheadofstate) VALUES ('IOT', 'British Indian Ocean Territory                      ', 78, NULL, 0, NULL, 0, NULL, 'British Indian Ocean Territory               ', 'IO', 8, 24, 165);
INSERT INTO Pays (CodeIso3, name, surfacearea, indepyear, population, lifeexpectancy, gnp, gnpold, localName, CodeIso2, idRegion, idgovform, idheadofstate) VALUES ('IRL', 'Ireland                                             ', 70273, 1921, 3775100, 76.799999999999997, 75921, 73132, 'Ireland/Éire                                 ', 'IE', 4, 5, 137);
INSERT INTO Pays (CodeIso3, name, surfacearea, indepyear, population, lifeexpectancy, gnp, gnpold, localName, CodeIso2, idRegion, idgovform, idheadofstate) VALUES ('IRN', 'Iran                                                ', 1648195, 1906, 67702000, 69.700000000000003, 195746, 160151, 'Iran                                         ', 'IR', 22, 6, 91);
INSERT INTO Pays (CodeIso3, name, surfacearea, indepyear, population, lifeexpectancy, gnp, gnpold, localName, CodeIso2, idRegion, idgovform, idheadofstate) VALUES ('IRQ', 'Iraq                                                ', 438317, 1932, 23115000, 66.5, 11500, NULL, 'Al-´Iraq                                     ', 'IQ', 14, 5, 51);
INSERT INTO Pays (CodeIso3, name, surfacearea, indepyear, population, lifeexpectancy, gnp, gnpold, localName, CodeIso2, idRegion, idgovform, idheadofstate) VALUES ('ISL', 'Iceland                                             ', 103000, 1944, 279000, 79.400000000000006, 8255, 7474, 'Ísland                                       ', 'IS', 15, 5, 138);
INSERT INTO Pays (CodeIso3, name, surfacearea, indepyear, population, lifeexpectancy, gnp, gnpold, localName, CodeIso2, idRegion, idgovform, idheadofstate) VALUES ('ISR', 'Israel                                              ', 21056, 1948, 6217000, 78.599999999999994, 97477, 98577, 'Yisra’el/Isra’il                             ', 'IL', 14, 5, 10);
INSERT INTO Pays (CodeIso3, name, surfacearea, indepyear, population, lifeexpectancy, gnp, gnpold, localName, CodeIso2, idRegion, idgovform, idheadofstate) VALUES ('ITA', 'Italy                                               ', 301316, 1861, 57680000, 79, 1161755, 1145372, 'Italia                                       ', 'IT', 23, 5, 109);
INSERT INTO Pays (CodeIso3, name, surfacearea, indepyear, population, lifeexpectancy, gnp, gnpold, localName, CodeIso2, idRegion, idgovform, idheadofstate) VALUES ('JAM', 'Jamaica                                             ', 10990, 1962, 2583000, 75.200000000000003, 6871, 6722, 'Jamaica                                      ', 'JM', 5, 3, 165);
INSERT INTO Pays (CodeIso3, name, surfacearea, indepyear, population, lifeexpectancy, gnp, gnpold, localName, CodeIso2, idRegion, idgovform, idheadofstate) VALUES ('JOR', 'Jordan                                              ', 88946, 1946, 5083000, 77.400000000000006, 7526, 7051, 'Al-Urdunn                                    ', 'JO', 14, 3, 19);
INSERT INTO Pays (CodeIso3, name, surfacearea, indepyear, population, lifeexpectancy, gnp, gnpold, localName, CodeIso2, idRegion, idgovform, idheadofstate) VALUES ('JPN', 'Japan                                               ', 377829, -660, 126714000, 80.700000000000003, 3787042, 4192638, 'Nihon/Nippon                                 ', 'JP', 9, 3, 146);
INSERT INTO Pays (CodeIso3, name, surfacearea, indepyear, population, lifeexpectancy, gnp, gnpold, localName, CodeIso2, idRegion, idgovform, idheadofstate) VALUES ('KAZ', 'Kazakstan                                           ', 2724900, 1991, 16223000, 63.200000000000003, 24375, 23383, 'Qazaqstan                                    ', 'KZ', 22, 5, 13);
INSERT INTO Pays (CodeIso3, name, surfacearea, indepyear, population, lifeexpectancy, gnp, gnpold, localName, CodeIso2, idRegion, idgovform, idheadofstate) VALUES ('KEN', 'Kenya                                               ', 580367, 1963, 30080000, 48, 9217, 10241, 'Kenya                                        ', 'KE', 8, 5, 160);
INSERT INTO Pays (CodeIso3, name, surfacearea, indepyear, population, lifeexpectancy, gnp, gnpold, localName, CodeIso2, idRegion, idgovform, idheadofstate) VALUES ('KGZ', 'Kyrgyzstan                                          ', 199900, 1991, 4699000, 63.399999999999999, 1626, 1767, 'Kyrgyzstan                                   ', 'KG', 22, 5, 175);
INSERT INTO Pays (CodeIso3, name, surfacearea, indepyear, population, lifeexpectancy, gnp, gnpold, localName, CodeIso2, idRegion, idgovform, idheadofstate) VALUES ('KHM', 'Cambodia                                            ', 181035, 1953, 11168000, 56.5, 5121, 5670, 'Kâmpuchéa                                    ', 'KH', 20, 3, 84);
INSERT INTO Pays (CodeIso3, name, surfacearea, indepyear, population, lifeexpectancy, gnp, gnpold, localName, CodeIso2, idRegion, idgovform, idheadofstate) VALUES ('KIR', 'Kiribati                                            ', 726, 1979, 83000, 59.799999999999997, 40.700000000000003, NULL, 'Kiribati                                     ', 'KI', 12, 5, 145);
INSERT INTO Pays (CodeIso3, name, surfacearea, indepyear, population, lifeexpectancy, gnp, gnpold, localName, CodeIso2, idRegion, idgovform, idheadofstate) VALUES ('KNA', 'Saint Kitts and Nevis                               ', 261, 1983, 38000, 70.700000000000003, 299, NULL, 'Saint Kitts and Nevis                        ', 'KN', 5, 3, 165);
INSERT INTO Pays (CodeIso3, name, surfacearea, indepyear, population, lifeexpectancy, gnp, gnpold, localName, CodeIso2, idRegion, idgovform, idheadofstate) VALUES ('KOR', 'South Korea                                         ', 99434, 1948, 46844000, 74.400000000000006, 320749, 442544, 'Taehan Min’guk (Namhan)                      ', 'KR', 9, 5, 68);
INSERT INTO Pays (CodeIso3, name, surfacearea, indepyear, population, lifeexpectancy, gnp, gnpold, localName, CodeIso2, idRegion, idgovform, idheadofstate) VALUES ('KWT', 'Kuwait                                              ', 17818, 1961, 1972000, 76.099999999999994, 27037, 30373, 'Al-Kuwayt                                    ', 'KW', 14, 12, 151);
INSERT INTO Pays (CodeIso3, name, surfacearea, indepyear, population, lifeexpectancy, gnp, gnpold, localName, CodeIso2, idRegion, idgovform, idheadofstate) VALUES ('LAO', 'Laos                                                ', 236800, 1953, 5433000, 53.100000000000001, 1292, 1746, 'Lao                                          ', 'LA', 20, 5, 123);
INSERT INTO Pays (CodeIso3, name, surfacearea, indepyear, population, lifeexpectancy, gnp, gnpold, localName, CodeIso2, idRegion, idgovform, idheadofstate) VALUES ('LBN', 'Lebanon                                             ', 10400, 1941, 3282000, 71.299999999999997, 17121, 15129, 'Lubnan                                       ', 'LB', 14, 5, 38);
INSERT INTO Pays (CodeIso3, name, surfacearea, indepyear, population, lifeexpectancy, gnp, gnpold, localName, CodeIso2, idRegion, idgovform, idheadofstate) VALUES ('LBR', 'Liberia                                             ', 111369, 1847, 3154000, 51, 2012, NULL, 'Liberia                                      ', 'LR', 24, 5, 148);
INSERT INTO Pays (CodeIso3, name, surfacearea, indepyear, population, lifeexpectancy, gnp, gnpold, localName, CodeIso2, idRegion, idgovform, idheadofstate) VALUES ('LBY', 'Libyan Arab Jamahiriya                              ', 1759540, 1951, 5605000, 75.5, 44806, 40562, 'Libiya                                       ', 'LY', 17, 32, 98);
INSERT INTO Pays (CodeIso3, name, surfacearea, indepyear, population, lifeexpectancy, gnp, gnpold, localName, CodeIso2, idRegion, idgovform, idheadofstate) VALUES ('LCA', 'Saint Lucia                                         ', 622, 1979, 154000, 72.299999999999997, 571, NULL, 'Saint Lucia                                  ', 'LC', 5, 3, 165);
INSERT INTO Pays (CodeIso3, name, surfacearea, indepyear, population, lifeexpectancy, gnp, gnpold, localName, CodeIso2, idRegion, idgovform, idheadofstate) VALUES ('LIE', 'Liechtenstein                                       ', 160, 1806, 32300, 78.799999999999997, 1119, 1084, 'Liechtenstein                                ', 'LI', 25, 3, 33);
INSERT INTO Pays (CodeIso3, name, surfacearea, indepyear, population, lifeexpectancy, gnp, gnpold, localName, CodeIso2, idRegion, idgovform, idheadofstate) VALUES ('LKA', 'Sri Lanka                                           ', 65610, 1948, 18827000, 71.799999999999997, 15706, 15091, 'Sri Lanka/Ilankai                            ', 'LK', 22, 5, 159);
INSERT INTO Pays (CodeIso3, name, surfacearea, indepyear, population, lifeexpectancy, gnp, gnpold, localName, CodeIso2, idRegion, idgovform, idheadofstate) VALUES ('LSO', 'Lesotho                                             ', 30355, 1966, 2153000, 50.799999999999997, 1061, 1161, 'Lesotho                                      ', 'LS', 21, 3, 136);
INSERT INTO Pays (CodeIso3, name, surfacearea, indepyear, population, lifeexpectancy, gnp, gnpold, localName, CodeIso2, idRegion, idgovform, idheadofstate) VALUES ('LTU', 'Lithuania                                           ', 65301, 1991, 3698500, 69.099999999999994, 10692, 9585, 'Lietuva                                      ', 'LT', 3, 5, 92);
INSERT INTO Pays (CodeIso3, name, surfacearea, indepyear, population, lifeexpectancy, gnp, gnpold, localName, CodeIso2, idRegion, idgovform, idheadofstate) VALUES ('LUX', 'Luxembourg                                          ', 2586, 1867, 435700, 77.099999999999994, 16321, 15519, 'Luxembourg/Lëtzebuerg                        ', 'LU', 25, 3, 149);
INSERT INTO Pays (CodeIso3, name, surfacearea, indepyear, population, lifeexpectancy, gnp, gnpold, localName, CodeIso2, idRegion, idgovform, idheadofstate) VALUES ('LVA', 'Latvia                                              ', 64589, 1991, 2424200, 68.400000000000006, 6398, 5639, 'Latvija                                      ', 'LV', 3, 5, 167);
INSERT INTO Pays (CodeIso3, name, surfacearea, indepyear, population, lifeexpectancy, gnp, gnpold, localName, CodeIso2, idRegion, idgovform, idheadofstate) VALUES ('MAC', 'Macao                                               ', 18, NULL, 473000, 81.599999999999994, 5749, 5940, 'Macau/Aomen                                  ', 'MO', 9, 20, 88);
INSERT INTO Pays (CodeIso3, name, surfacearea, indepyear, population, lifeexpectancy, gnp, gnpold, localName, CodeIso2, idRegion, idgovform, idheadofstate) VALUES ('MAR', 'Morocco                                             ', 446550, 1956, 28351000, 69.099999999999994, 36124, 33514, 'Al-Maghrib                                   ', 'MA', 17, 3, 17);
INSERT INTO Pays (CodeIso3, name, surfacearea, indepyear, population, lifeexpectancy, gnp, gnpold, localName, CodeIso2, idRegion, idgovform, idheadofstate) VALUES ('MCO', 'Monaco                                              ', 1.5, 1861, 34000, 78.799999999999997, 776, NULL, 'Monaco                                       ', 'MC', 25, 3, 44);
INSERT INTO Pays (CodeIso3, name, surfacearea, indepyear, population, lifeexpectancy, gnp, gnpold, localName, CodeIso2, idRegion, idgovform, idheadofstate) VALUES ('MDA', 'Moldova                                             ', 33851, 1991, 4380000, 64.5, 1579, 1872, 'Moldova                                      ', 'MD', 10, 5, 43);
INSERT INTO Pays (CodeIso3, name, surfacearea, indepyear, population, lifeexpectancy, gnp, gnpold, localName, CodeIso2, idRegion, idgovform, idheadofstate) VALUES ('MDG', 'Madagascar                                          ', 587041, 1960, 15942000, 55, 3750, 3545, 'Madagasikara/Madagascar                      ', 'MG', 8, 19, 74);
INSERT INTO Pays (CodeIso3, name, surfacearea, indepyear, population, lifeexpectancy, gnp, gnpold, localName, CodeIso2, idRegion, idgovform, idheadofstate) VALUES ('MDV', 'Maldives                                            ', 298, 1965, 286000, 62.200000000000003, 199, NULL, 'Dhivehi Raajje/Maldives                      ', 'MV', 22, 5, 80);
INSERT INTO Pays (CodeIso3, name, surfacearea, indepyear, population, lifeexpectancy, gnp, gnpold, localName, CodeIso2, idRegion, idgovform, idheadofstate) VALUES ('MEX', 'Mexico                                              ', 1958201, 1810, 98881000, 71.5, 414972, 401461, 'México                                       ', 'MX', 7, 19, 32);
INSERT INTO Pays (CodeIso3, name, surfacearea, indepyear, population, lifeexpectancy, gnp, gnpold, localName, CodeIso2, idRegion, idgovform, idheadofstate) VALUES ('MHL', 'Marshall Islands                                    ', 181, 1990, 64000, 65.5, 97, NULL, 'Marshall Islands/Majol                       ', 'MH', 12, 5, 114);
INSERT INTO Pays (CodeIso3, name, surfacearea, indepyear, population, lifeexpectancy, gnp, gnpold, localName, CodeIso2, idRegion, idgovform, idheadofstate) VALUES ('MKD', 'Macedonia                                           ', 25713, 1991, 2024000, 73.799999999999997, 1694, 1915, 'Makedonija                                   ', 'MK', 23, 5, 28);
INSERT INTO Pays (CodeIso3, name, surfacearea, indepyear, population, lifeexpectancy, gnp, gnpold, localName, CodeIso2, idRegion, idgovform, idheadofstate) VALUES ('MLI', 'Mali                                                ', 1240192, 1960, 11234000, 46.700000000000003, 2642, 2453, 'Mali                                         ', 'ML', 24, 5, 105);
INSERT INTO Pays (CodeIso3, name, surfacearea, indepyear, population, lifeexpectancy, gnp, gnpold, localName, CodeIso2, idRegion, idgovform, idheadofstate) VALUES ('MLT', 'Malta                                               ', 316, 1964, 380200, 77.900000000000006, 3512, 3338, 'Malta                                        ', 'MT', 23, 5, 166);
INSERT INTO Pays (CodeIso3, name, surfacearea, indepyear, population, lifeexpectancy, gnp, gnpold, localName, CodeIso2, idRegion, idgovform, idheadofstate) VALUES ('MMR', 'Myanmar                                             ', 676578, 1948, 45611000, 54.899999999999999, 180375, 171028, 'Myanma Pye                                   ', 'MM', 20, 5, 155);
INSERT INTO Pays (CodeIso3, name, surfacearea, indepyear, population, lifeexpectancy, gnp, gnpold, localName, CodeIso2, idRegion, idgovform, idheadofstate) VALUES ('MNG', 'Mongolia                                            ', 1566500, 1921, 2662000, 67.299999999999997, 1043, 933, 'Mongol Uls                                   ', 'MN', 9, 5, 125);
INSERT INTO Pays (CodeIso3, name, surfacearea, indepyear, population, lifeexpectancy, gnp, gnpold, localName, CodeIso2, idRegion, idgovform, idheadofstate) VALUES ('MNP', 'Northern Mariana Islands                            ', 464, NULL, 78000, 75.5, 0, NULL, 'Northern Mariana Islands                     ', 'MP', 12, 30, 142);
INSERT INTO Pays (CodeIso3, name, surfacearea, indepyear, population, lifeexpectancy, gnp, gnpold, localName, CodeIso2, idRegion, idgovform, idheadofstate) VALUES ('MOZ', 'Mozambique                                          ', 801590, 1975, 19680000, 37.5, 2891, 2711, 'Moçambique                                   ', 'MZ', 8, 5, 64);
INSERT INTO Pays (CodeIso3, name, surfacearea, indepyear, population, lifeexpectancy, gnp, gnpold, localName, CodeIso2, idRegion, idgovform, idheadofstate) VALUES ('MRT', 'Mauritania                                          ', 1025520, 1960, 2670000, 50.799999999999997, 998, 1081, 'Muritaniya/Mauritanie                        ', 'MR', 24, 5, 152);
INSERT INTO Pays (CodeIso3, name, surfacearea, indepyear, population, lifeexpectancy, gnp, gnpold, localName, CodeIso2, idRegion, idgovform, idheadofstate) VALUES ('MSR', 'Montserrat                                          ', 102, NULL, 11000, 78, 109, NULL, 'Montserrat                                   ', 'MS', 5, 24, 165);
INSERT INTO Pays (CodeIso3, name, surfacearea, indepyear, population, lifeexpectancy, gnp, gnpold, localName, CodeIso2, idRegion, idgovform, idheadofstate) VALUES ('MTQ', 'Martinique                                          ', 1102, NULL, 395000, 78.299999999999997, 2731, 2559, 'Martinique                                   ', 'MQ', 5, 2, 59);
INSERT INTO Pays (CodeIso3, name, surfacearea, indepyear, population, lifeexpectancy, gnp, gnpold, localName, CodeIso2, idRegion, idgovform, idheadofstate) VALUES ('MUS', 'Mauritius                                           ', 2040, 1968, 1158000, 71, 4251, 4186, 'Mauritius                                    ', 'MU', 8, 5, 66);
INSERT INTO Pays (CodeIso3, name, surfacearea, indepyear, population, lifeexpectancy, gnp, gnpold, localName, CodeIso2, idRegion, idgovform, idheadofstate) VALUES ('MWI', 'Malawi                                              ', 118484, 1964, 10925000, 37.600000000000001, 1687, 2527, 'Malawi                                       ', 'MW', 8, 5, 81);
INSERT INTO Pays (CodeIso3, name, surfacearea, indepyear, population, lifeexpectancy, gnp, gnpold, localName, CodeIso2, idRegion, idgovform, idheadofstate) VALUES ('MYS', 'Malaysia                                            ', 329758, 1957, 22244000, 70.799999999999997, 69213, 97884, 'Malaysia                                     ', 'MY', 20, 9, 174);
INSERT INTO Pays (CodeIso3, name, surfacearea, indepyear, population, lifeexpectancy, gnp, gnpold, localName, CodeIso2, idRegion, idgovform, idheadofstate) VALUES ('MYT', 'Mayotte                                             ', 373, NULL, 149000, 59.5, 0, NULL, 'Mayotte                                      ', 'YT', 8, 14, 59);
INSERT INTO Pays (CodeIso3, name, surfacearea, indepyear, population, lifeexpectancy, gnp, gnpold, localName, CodeIso2, idRegion, idgovform, idheadofstate) VALUES ('NAM', 'Namibia                                             ', 824292, 1990, 1726000, 42.5, 3101, 3384, 'Namibia                                      ', 'NA', 21, 5, 55);
INSERT INTO Pays (CodeIso3, name, surfacearea, indepyear, population, lifeexpectancy, gnp, gnpold, localName, CodeIso2, idRegion, idgovform, idheadofstate) VALUES ('NCL', 'New Caledonia                                       ', 18575, NULL, 214000, 72.799999999999997, 3563, NULL, 'Nouvelle-Calédonie                           ', 'NC', 11, 25, 59);
INSERT INTO Pays (CodeIso3, name, surfacearea, indepyear, population, lifeexpectancy, gnp, gnpold, localName, CodeIso2, idRegion, idgovform, idheadofstate) VALUES ('NER', 'Niger                                               ', 1267000, 1960, 10730000, 41.299999999999997, 1706, 1580, 'Niger                                        ', 'NE', 24, 5, 40);
INSERT INTO Pays (CodeIso3, name, surfacearea, indepyear, population, lifeexpectancy, gnp, gnpold, localName, CodeIso2, idRegion, idgovform, idheadofstate) VALUES ('NGA', 'Nigeria                                             ', 923768, 1960, 111506000, 51.600000000000001, 65707, 58623, 'Nigeria                                      ', 'NG', 24, 19, 16);
INSERT INTO Pays (CodeIso3, name, surfacearea, indepyear, population, lifeexpectancy, gnp, gnpold, localName, CodeIso2, idRegion, idgovform, idheadofstate) VALUES ('NIC', 'Nicaragua                                           ', 130000, 1838, 5074000, 68.700000000000003, 1988, 2023, 'Nicaragua                                    ', 'NI', 7, 5, 86);
INSERT INTO Pays (CodeIso3, name, surfacearea, indepyear, population, lifeexpectancy, gnp, gnpold, localName, CodeIso2, idRegion, idgovform, idheadofstate) VALUES ('NIU', 'Niue                                                ', 260, NULL, 2000, NULL, 0, NULL, 'Niue                                         ', 'NU', 18, 27, 165);
INSERT INTO Pays (CodeIso3, name, surfacearea, indepyear, population, lifeexpectancy, gnp, gnpold, localName, CodeIso2, idRegion, idgovform, idheadofstate) VALUES ('NLD', 'Netherlands                                         ', 41526, 1581, 15864000, 78.299999999999997, 371362, 360478, 'Nederland                                    ', 'NL', 25, 3, 31);
INSERT INTO Pays (CodeIso3, name, surfacearea, indepyear, population, lifeexpectancy, gnp, gnpold, localName, CodeIso2, idRegion, idgovform, idheadofstate) VALUES ('NOR', 'Norway                                              ', 323877, 1905, 4478500, 78.700000000000003, 145895, 153370, 'Norge                                        ', 'NO', 15, 3, 168);
INSERT INTO Pays (CodeIso3, name, surfacearea, indepyear, population, lifeexpectancy, gnp, gnpold, localName, CodeIso2, idRegion, idgovform, idheadofstate) VALUES ('NPL', 'Nepal                                               ', 147181, 1769, 23930000, 57.799999999999997, 4768, 4837, 'Nepal                                        ', 'NP', 22, 3, 121);
INSERT INTO Pays (CodeIso3, name, surfacearea, indepyear, population, lifeexpectancy, gnp, gnpold, localName, CodeIso2, idRegion, idgovform, idheadofstate) VALUES ('NRU', 'Nauru                                               ', 21, 1968, 12000, 60.799999999999997, 197, NULL, 'Naoero/Nauru                                 ', 'NR', 12, 5, 2);
INSERT INTO Pays (CodeIso3, name, surfacearea, indepyear, population, lifeexpectancy, gnp, gnpold, localName, CodeIso2, idRegion, idgovform, idheadofstate) VALUES ('NZL', 'New Zealand                                         ', 270534, 1907, 3862000, 77.799999999999997, 54669, 64960, 'New Zealand/Aotearoa                         ', 'NZ', 2, 3, 165);
INSERT INTO Pays (CodeIso3, name, surfacearea, indepyear, population, lifeexpectancy, gnp, gnpold, localName, CodeIso2, idRegion, idgovform, idheadofstate) VALUES ('OMN', 'Oman                                                ', 309500, 1951, 2542000, 71.799999999999997, 16904, 16153, '´Uman                                        ', 'OM', 14, 28, 139);
INSERT INTO Pays (CodeIso3, name, surfacearea, indepyear, population, lifeexpectancy, gnp, gnpold, localName, CodeIso2, idRegion, idgovform, idheadofstate) VALUES ('PAK', 'Pakistan                                            ', 796095, 1947, 156483000, 61.100000000000001, 61289, 58549, 'Pakistan                                     ', 'PK', 22, 5, 126);
INSERT INTO Pays (CodeIso3, name, surfacearea, indepyear, population, lifeexpectancy, gnp, gnpold, localName, CodeIso2, idRegion, idgovform, idheadofstate) VALUES ('PAN', 'Panama                                              ', 75517, 1903, 2856000, 75.5, 9131, 8700, 'Panamá                                       ', 'PA', 7, 5, 29);
INSERT INTO Pays (CodeIso3, name, surfacearea, indepyear, population, lifeexpectancy, gnp, gnpold, localName, CodeIso2, idRegion, idgovform, idheadofstate) VALUES ('PCN', 'Pitcairn                                            ', 49, NULL, 50, NULL, 0, NULL, 'Pitcairn                                     ', 'PN', 18, 24, 165);
INSERT INTO Pays (CodeIso3, name, surfacearea, indepyear, population, lifeexpectancy, gnp, gnpold, localName, CodeIso2, idRegion, idgovform, idheadofstate) VALUES ('PER', 'Peru                                                ', 1285216, 1821, 25662000, 70, 64140, 65186, 'Perú/Piruw                                   ', 'PE', 19, 5, 83);
INSERT INTO Pays (CodeIso3, name, surfacearea, indepyear, population, lifeexpectancy, gnp, gnpold, localName, CodeIso2, idRegion, idgovform, idheadofstate) VALUES ('PHL', 'Philippines                                         ', 300000, 1946, 75967000, 67.5, 65107, 82239, 'Pilipinas                                    ', 'PH', 20, 5, 164);
INSERT INTO Pays (CodeIso3, name, surfacearea, indepyear, population, lifeexpectancy, gnp, gnpold, localName, CodeIso2, idRegion, idgovform, idheadofstate) VALUES ('PLW', 'Palau                                               ', 459, 1994, 19000, 68.599999999999994, 105, NULL, 'Belau/Palau                                  ', 'PW', 12, 5, 118);
INSERT INTO Pays (CodeIso3, name, surfacearea, indepyear, population, lifeexpectancy, gnp, gnpold, localName, CodeIso2, idRegion, idgovform, idheadofstate) VALUES ('PNG', 'Papua New Guinea                                    ', 462840, 1975, 4807000, 63.100000000000001, 4988, 6328, 'Papua New Guinea/Papua Niugini               ', 'PG', 11, 3, 165);
INSERT INTO Pays (CodeIso3, name, surfacearea, indepyear, population, lifeexpectancy, gnp, gnpold, localName, CodeIso2, idRegion, idgovform, idheadofstate) VALUES ('POL', 'Poland                                              ', 323250, 1918, 38653600, 73.200000000000003, 151697, 135636, 'Polska                                       ', 'PL', 10, 5, 77);
INSERT INTO Pays (CodeIso3, name, surfacearea, indepyear, population, lifeexpectancy, gnp, gnpold, localName, CodeIso2, idRegion, idgovform, idheadofstate) VALUES ('PRI', 'Puerto Rico                                         ', 8875, NULL, 3869000, 75.599999999999994, 34100, 32100, 'Puerto Rico                                  ', 'PR', 5, 30, 142);
INSERT INTO Pays (CodeIso3, name, surfacearea, indepyear, population, lifeexpectancy, gnp, gnpold, localName, CodeIso2, idRegion, idgovform, idheadofstate) VALUES ('PRK', 'North Korea                                         ', 120538, 1948, 24039000, 70.700000000000003, 5332, NULL, 'Choson Minjujuui In´min Konghwaguk (Bukhan)  ', 'KP', 9, 18, 150);
INSERT INTO Pays (CodeIso3, name, surfacearea, indepyear, population, lifeexpectancy, gnp, gnpold, localName, CodeIso2, idRegion, idgovform, idheadofstate) VALUES ('PRT', 'Portugal                                            ', 91982, 1143, 9997600, 75.799999999999997, 105954, 102133, 'Portugal                                     ', 'PT', 23, 5, 101);
INSERT INTO Pays (CodeIso3, name, surfacearea, indepyear, population, lifeexpectancy, gnp, gnpold, localName, CodeIso2, idRegion, idgovform, idheadofstate) VALUES ('PRY', 'Paraguay                                            ', 406752, 1811, 5496000, 73.700000000000003, 8444, 9555, 'Paraguay                                     ', 'PY', 19, 5, 127);
INSERT INTO Pays (CodeIso3, name, surfacearea, indepyear, population, lifeexpectancy, gnp, gnpold, localName, CodeIso2, idRegion, idgovform, idheadofstate) VALUES ('PSE', 'Palestine                                           ', 6257, NULL, 3101000, 71.400000000000006, 4173, NULL, 'Filastin                                     ', 'PS', 14, 16, 97);
INSERT INTO Pays (CodeIso3, name, surfacearea, indepyear, population, lifeexpectancy, gnp, gnpold, localName, CodeIso2, idRegion, idgovform, idheadofstate) VALUES ('PYF', 'French Polynesia                                    ', 4000, NULL, 235000, 74.799999999999997, 818, 781, 'Polynésie française                          ', 'PF', 18, 25, 59);
INSERT INTO Pays (CodeIso3, name, surfacearea, indepyear, population, lifeexpectancy, gnp, gnpold, localName, CodeIso2, idRegion, idgovform, idheadofstate) VALUES ('QAT', 'Qatar                                               ', 11000, 1971, 599000, 72.400000000000006, 9472, 8920, 'Qatar                                        ', 'QA', 14, 1, 177);
INSERT INTO Pays (CodeIso3, name, surfacearea, indepyear, population, lifeexpectancy, gnp, gnpold, localName, CodeIso2, idRegion, idgovform, idheadofstate) VALUES ('REU', 'Réunion                                             ', 2510, NULL, 699000, 72.700000000000003, 8287, 7988, 'Réunion                                      ', 'RE', 8, 2, 59);
INSERT INTO Pays (CodeIso3, name, surfacearea, indepyear, population, lifeexpectancy, gnp, gnpold, localName, CodeIso2, idRegion, idgovform, idheadofstate) VALUES ('ROM', 'Romania                                             ', 238391, 1878, 22455500, 69.900000000000006, 38158, 34843, 'România                                      ', 'RO', 10, 5, 130);
INSERT INTO Pays (CodeIso3, name, surfacearea, indepyear, population, lifeexpectancy, gnp, gnpold, localName, CodeIso2, idRegion, idgovform, idheadofstate) VALUES ('RUS', 'Russian Federation                                  ', 17075400, 1991, 146934000, 67.200000000000003, 276608, 442989, 'Rossija                                      ', 'RU', 10, 19, 4);
INSERT INTO Pays (CodeIso3, name, surfacearea, indepyear, population, lifeexpectancy, gnp, gnpold, localName, CodeIso2, idRegion, idgovform, idheadofstate) VALUES ('RWA', 'Rwanda                                              ', 26338, 1962, 7733000, 39.299999999999997, 2036, 1863, 'Rwanda/Urwanda                               ', 'RW', 8, 5, 52);
INSERT INTO Pays (CodeIso3, name, surfacearea, indepyear, population, lifeexpectancy, gnp, gnpold, localName, CodeIso2, idRegion, idgovform, idheadofstate) VALUES ('SAU', 'Saudi Arabia                                        ', 2149690, 1932, 21607000, 67.799999999999997, 137635, 146171, 'Al-´Arabiya as-Sa´udiya                      ', 'SA', 14, 1, 96);
INSERT INTO Pays (CodeIso3, name, surfacearea, indepyear, population, lifeexpectancy, gnp, gnpold, localName, CodeIso2, idRegion, idgovform, idheadofstate) VALUES ('SDN', 'Sudan                                               ', 2505813, 1956, 29490000, 56.600000000000001, 10162, NULL, 'As-Sudan                                     ', 'SD', 17, 6, 170);
INSERT INTO Pays (CodeIso3, name, surfacearea, indepyear, population, lifeexpectancy, gnp, gnpold, localName, CodeIso2, idRegion, idgovform, idheadofstate) VALUES ('SEN', 'Senegal                                             ', 196722, 1960, 9481000, 62.200000000000003, 4787, 4542, 'Sénégal/Sounougal                            ', 'SN', 24, 5, 85);
INSERT INTO Pays (CodeIso3, name, surfacearea, indepyear, population, lifeexpectancy, gnp, gnpold, localName, CodeIso2, idRegion, idgovform, idheadofstate) VALUES ('SGP', 'Singapore                                           ', 618, 1965, 3567000, 80.099999999999994, 86503, 96318, 'Singapore/Singapura/Xinjiapo/Singapur        ', 'SG', 20, 5, 131);
INSERT INTO Pays (CodeIso3, name, surfacearea, indepyear, population, lifeexpectancy, gnp, gnpold, localName, CodeIso2, idRegion, idgovform, idheadofstate) VALUES ('SGS', 'South Georgia and the South Sandwich Islands        ', 3903, NULL, 0, NULL, 0, NULL, 'South Georgia and the South Sandwich Islands ', 'GS', 1, 24, 165);
INSERT INTO Pays (CodeIso3, name, surfacearea, indepyear, population, lifeexpectancy, gnp, gnpold, localName, CodeIso2, idRegion, idgovform, idheadofstate) VALUES ('SHN', 'Saint Helena                                        ', 314, NULL, 6000, 76.799999999999997, 0, NULL, 'Saint Helena                                 ', 'SH', 24, 24, 165);
INSERT INTO Pays (CodeIso3, name, surfacearea, indepyear, population, lifeexpectancy, gnp, gnpold, localName, CodeIso2, idRegion, idgovform, idheadofstate) VALUES ('SJM', 'Svalbard and Jan Mayen                              ', 62422, NULL, 3200, NULL, 0, NULL, 'Svalbard og Jan Mayen                        ', 'SJ', 15, 26, 168);
INSERT INTO Pays (CodeIso3, name, surfacearea, indepyear, population, lifeexpectancy, gnp, gnpold, localName, CodeIso2, idRegion, idgovform, idheadofstate) VALUES ('SLB', 'Solomon Islands                                     ', 28896, 1978, 444000, 71.299999999999997, 182, 220, 'Solomon Islands                              ', 'SB', 11, 3, 165);
INSERT INTO Pays (CodeIso3, name, surfacearea, indepyear, population, lifeexpectancy, gnp, gnpold, localName, CodeIso2, idRegion, idgovform, idheadofstate) VALUES ('SLE', 'Sierra Leone                                        ', 71740, 1961, 4854000, 45.299999999999997, 746, 858, 'Sierra Leone                                 ', 'SL', 24, 5, 3);
INSERT INTO Pays (CodeIso3, name, surfacearea, indepyear, population, lifeexpectancy, gnp, gnpold, localName, CodeIso2, idRegion, idgovform, idheadofstate) VALUES ('SLV', 'El Salvador                                         ', 21041, 1841, 6276000, 69.700000000000003, 11863, 11203, 'El Salvador                                  ', 'SV', 7, 5, 6);
INSERT INTO Pays (CodeIso3, name, surfacearea, indepyear, population, lifeexpectancy, gnp, gnpold, localName, CodeIso2, idRegion, idgovform, idheadofstate) VALUES ('SMR', 'San Marino                                          ', 61, 885, 27000, 81.099999999999994, 510, NULL, 'San Marino                                   ', 'SM', 23, 5, NULL);
INSERT INTO Pays (CodeIso3, name, surfacearea, indepyear, population, lifeexpectancy, gnp, gnpold, localName, CodeIso2, idRegion, idgovform, idheadofstate) VALUES ('SOM', 'Somalia                                             ', 637657, 1960, 10097000, 46.200000000000003, 935, NULL, 'Soomaaliya                                   ', 'SO', 8, 5, 154);
INSERT INTO Pays (CodeIso3, name, surfacearea, indepyear, population, lifeexpectancy, gnp, gnpold, localName, CodeIso2, idRegion, idgovform, idheadofstate) VALUES ('SPM', 'Saint Pierre and Miquelon                           ', 242, NULL, 7000, 77.599999999999994, 0, NULL, 'Saint-Pierre-et-Miquelon                     ', 'PM', 16, 14, 59);
INSERT INTO Pays (CodeIso3, name, surfacearea, indepyear, population, lifeexpectancy, gnp, gnpold, localName, CodeIso2, idRegion, idgovform, idheadofstate) VALUES ('STP', 'Sao Tome and Principe                               ', 964, 1975, 147000, 65.299999999999997, 6, NULL, 'São Tomé e Príncipe                          ', 'ST', 6, 5, 104);
INSERT INTO Pays (CodeIso3, name, surfacearea, indepyear, population, lifeexpectancy, gnp, gnpold, localName, CodeIso2, idRegion, idgovform, idheadofstate) VALUES ('SUR', 'Suriname                                            ', 163265, 1975, 417000, 71.400000000000006, 870, 706, 'Suriname                                     ', 'SR', 19, 5, 12);
INSERT INTO Pays (CodeIso3, name, surfacearea, indepyear, population, lifeexpectancy, gnp, gnpold, localName, CodeIso2, idRegion, idgovform, idheadofstate) VALUES ('SVK', 'Slovakia                                            ', 49012, 1993, 5398700, 73.700000000000003, 20594, 19452, 'Slovensko                                    ', 'SK', 10, 5, 58);
INSERT INTO Pays (CodeIso3, name, surfacearea, indepyear, population, lifeexpectancy, gnp, gnpold, localName, CodeIso2, idRegion, idgovform, idheadofstate) VALUES ('SVN', 'Slovenia                                            ', 20256, 1991, 1987800, 74.900000000000006, 19756, 18202, 'Slovenija                                    ', 'SI', 23, 5, 82);
INSERT INTO Pays (CodeIso3, name, surfacearea, indepyear, population, lifeexpectancy, gnp, gnpold, localName, CodeIso2, idRegion, idgovform, idheadofstate) VALUES ('SWE', 'Sweden                                              ', 449964, 836, 8861400, 79.599999999999994, 226492, 227757, 'Sverige                                      ', 'SE', 15, 3, 112);
INSERT INTO Pays (CodeIso3, name, surfacearea, indepyear, population, lifeexpectancy, gnp, gnpold, localName, CodeIso2, idRegion, idgovform, idheadofstate) VALUES ('SWZ', 'Swaziland                                           ', 17364, 1968, 1008000, 40.399999999999999, 1206, 1312, 'kaNgwane                                     ', 'SZ', 21, 1, 162);
INSERT INTO Pays (CodeIso3, name, surfacearea, indepyear, population, lifeexpectancy, gnp, gnpold, localName, CodeIso2, idRegion, idgovform, idheadofstate) VALUES ('SYC', 'Seychelles                                          ', 455, 1976, 77000, 70.400000000000006, 536, 539, 'Sesel/Seychelles                             ', 'SC', 8, 5, 153);
INSERT INTO Pays (CodeIso3, name, surfacearea, indepyear, population, lifeexpectancy, gnp, gnpold, localName, CodeIso2, idRegion, idgovform, idheadofstate) VALUES ('SYR', 'Syria                                               ', 185180, 1941, 16125000, 68.5, 65984, 64926, 'Suriya                                       ', 'SY', 14, 5, 72);
INSERT INTO Pays (CodeIso3, name, surfacearea, indepyear, population, lifeexpectancy, gnp, gnpold, localName, CodeIso2, idRegion, idgovform, idheadofstate) VALUES ('TCA', 'Turks and Caicos Islands                            ', 430, NULL, 17000, 73.299999999999997, 96, NULL, 'The Turks and Caicos Islands                 ', 'TC', 5, 24, 165);
INSERT INTO Pays (CodeIso3, name, surfacearea, indepyear, population, lifeexpectancy, gnp, gnpold, localName, CodeIso2, idRegion, idgovform, idheadofstate) VALUES ('TCD', 'Chad                                                ', 1284000, 1960, 7651000, 50.5, 1208, 1102, 'Tchad/Tshad                                  ', 'TD', 6, 5, 11);
INSERT INTO Pays (CodeIso3, name, surfacearea, indepyear, population, lifeexpectancy, gnp, gnpold, localName, CodeIso2, idRegion, idgovform, idheadofstate) VALUES ('TGO', 'Togo                                                ', 56785, 1960, 4629000, 54.700000000000003, 1449, 1400, 'Togo                                         ', 'TG', 24, 5, 134);
INSERT INTO Pays (CodeIso3, name, surfacearea, indepyear, population, lifeexpectancy, gnp, gnpold, localName, CodeIso2, idRegion, idgovform, idheadofstate) VALUES ('THA', 'Thailand                                            ', 513115, 1350, 61399000, 68.599999999999994, 116416, 153907, 'Prathet Thai                                 ', 'TH', 20, 3, 62);
INSERT INTO Pays (CodeIso3, name, surfacearea, indepyear, population, lifeexpectancy, gnp, gnpold, localName, CodeIso2, idRegion, idgovform, idheadofstate) VALUES ('TJK', 'Tajikistan                                          ', 143100, 1991, 6188000, 64.099999999999994, 1990, 1056, 'Toçikiston                                   ', 'TJ', 22, 5, 93);
INSERT INTO Pays (CodeIso3, name, surfacearea, indepyear, population, lifeexpectancy, gnp, gnpold, localName, CodeIso2, idRegion, idgovform, idheadofstate) VALUES ('TKL', 'Tokelau                                             ', 12, NULL, 2000, NULL, 0, NULL, 'Tokelau                                      ', 'TK', 18, 27, 165);
INSERT INTO Pays (CodeIso3, name, surfacearea, indepyear, population, lifeexpectancy, gnp, gnpold, localName, CodeIso2, idRegion, idgovform, idheadofstate) VALUES ('TKM', 'Turkmenistan                                        ', 488100, 1991, 4459000, 60.899999999999999, 4397, 2000, 'Türkmenostan                                 ', 'TM', 22, 5, 34);
INSERT INTO Pays (CodeIso3, name, surfacearea, indepyear, population, lifeexpectancy, gnp, gnpold, localName, CodeIso2, idRegion, idgovform, idheadofstate) VALUES ('TMP', 'East Timor                                          ', 14874, NULL, 885000, 46, 0, NULL, 'Timor Timur                                  ', 'TP', 20, 21, 107);
INSERT INTO Pays (CodeIso3, name, surfacearea, indepyear, population, lifeexpectancy, gnp, gnpold, localName, CodeIso2, idRegion, idgovform, idheadofstate) VALUES ('TON', 'Tonga                                               ', 650, 1970, 99000, 67.900000000000006, 146, 170, 'Tonga                                        ', 'TO', 18, 1, 176);
INSERT INTO Pays (CodeIso3, name, surfacearea, indepyear, population, lifeexpectancy, gnp, gnpold, localName, CodeIso2, idRegion, idgovform, idheadofstate) VALUES ('TTO', 'Trinidad and Tobago                                 ', 5130, 1962, 1295000, 68, 6232, 5867, 'Trinidad and Tobago                          ', 'TT', 5, 5, 36);
INSERT INTO Pays (CodeIso3, name, surfacearea, indepyear, population, lifeexpectancy, gnp, gnpold, localName, CodeIso2, idRegion, idgovform, idheadofstate) VALUES ('TUN', 'Tunisia                                             ', 163610, 1956, 9586000, 73.700000000000003, 20026, 18898, 'Tunis/Tunisie                                ', 'TN', 17, 5, 30);
INSERT INTO Pays (CodeIso3, name, surfacearea, indepyear, population, lifeexpectancy, gnp, gnpold, localName, CodeIso2, idRegion, idgovform, idheadofstate) VALUES ('TUR', 'Turkey                                              ', 774815, 1923, 66591000, 71, 210721, 189122, 'Türkiye                                      ', 'TR', 14, 5, 117);
INSERT INTO Pays (CodeIso3, name, surfacearea, indepyear, population, lifeexpectancy, gnp, gnpold, localName, CodeIso2, idRegion, idgovform, idheadofstate) VALUES ('TUV', 'Tuvalu                                              ', 26, 1978, 12000, 66.299999999999997, 6, NULL, 'Tuvalu                                       ', 'TV', 18, 3, 165);
INSERT INTO Pays (CodeIso3, name, surfacearea, indepyear, population, lifeexpectancy, gnp, gnpold, localName, CodeIso2, idRegion, idgovform, idheadofstate) VALUES ('TWN', 'Taiwan                                              ', 36188, 1945, 22256000, 76.400000000000006, 256254, 263451, 'T’ai-wan                                     ', 'TW', 9, 5, 132);
INSERT INTO Pays (CodeIso3, name, surfacearea, indepyear, population, lifeexpectancy, gnp, gnpold, localName, CodeIso2, idRegion, idgovform, idheadofstate) VALUES ('TZA', 'Tanzania                                            ', 883749, 1961, 33517000, 52.299999999999997, 8005, 7388, 'Tanzania                                     ', 'TZ', 8, 5, 87);
INSERT INTO Pays (CodeIso3, name, surfacearea, indepyear, population, lifeexpectancy, gnp, gnpold, localName, CodeIso2, idRegion, idgovform, idheadofstate) VALUES ('UGA', 'Uganda                                              ', 241038, 1962, 21778000, 42.899999999999999, 6313, 6887, 'Uganda                                       ', 'UG', 8, 5, 79);
INSERT INTO Pays (CodeIso3, name, surfacearea, indepyear, population, lifeexpectancy, gnp, gnpold, localName, CodeIso2, idRegion, idgovform, idheadofstate) VALUES ('UKR', 'Ukraine                                             ', 603700, 1991, 50456000, 66, 42168, 49677, 'Ukrajina                                     ', 'UA', 10, 5, 76);
INSERT INTO Pays (CodeIso3, name, surfacearea, indepyear, population, lifeexpectancy, gnp, gnpold, localName, CodeIso2, idRegion, idgovform, idheadofstate) VALUES ('UMI', 'United States Minor Outlying Islands                ', 16, NULL, 0, NULL, 0, NULL, 'United States Minor Outlying Islands         ', 'UM', 13, 22, 142);
INSERT INTO Pays (CodeIso3, name, surfacearea, indepyear, population, lifeexpectancy, gnp, gnpold, localName, CodeIso2, idRegion, idgovform, idheadofstate) VALUES ('URY', 'Uruguay                                             ', 175016, 1828, 3337000, 75.200000000000003, 20831, 19967, 'Uruguay                                      ', 'UY', 19, 5, 22);
INSERT INTO Pays (CodeIso3, name, surfacearea, indepyear, population, lifeexpectancy, gnp, gnpold, localName, CodeIso2, idRegion, idgovform, idheadofstate) VALUES ('USA', 'United States                                       ', 9363520, 1776, 278357000, 77.099999999999994, 8510700, 8110900, 'United States                                ', 'US', 16, 19, 142);
INSERT INTO Pays (CodeIso3, name, surfacearea, indepyear, population, lifeexpectancy, gnp, gnpold, localName, CodeIso2, idRegion, idgovform, idheadofstate) VALUES ('UZB', 'Uzbekistan                                          ', 447400, 1991, 24318000, 63.700000000000003, 14194, 21300, 'Uzbekiston                                   ', 'UZ', 22, 5, 172);
INSERT INTO Pays (CodeIso3, name, surfacearea, indepyear, population, lifeexpectancy, gnp, gnpold, localName, CodeIso2, idRegion, idgovform, idheadofstate) VALUES ('VAT', 'Holy See (Vatican City State)                       ', 0.40000000000000002, 1929, 1000, NULL, 9, NULL, 'Santa Sede/Città del Vaticano                ', 'VA', 23, 35, 46);
INSERT INTO Pays (CodeIso3, name, surfacearea, indepyear, population, lifeexpectancy, gnp, gnpold, localName, CodeIso2, idRegion, idgovform, idheadofstate) VALUES ('VCT', 'Saint Vincent and the Grenadines                    ', 388, 1979, 114000, 72.299999999999997, 285, NULL, 'Saint Vincent and the Grenadines             ', 'VC', 5, 3, 165);
INSERT INTO Pays (CodeIso3, name, surfacearea, indepyear, population, lifeexpectancy, gnp, gnpold, localName, CodeIso2, idRegion, idgovform, idheadofstate) VALUES ('VEN', 'Venezuela                                           ', 912050, 1811, 24170000, 73.099999999999994, 95023, 88434, 'Venezuela                                    ', 'VE', 19, 19, 57);
INSERT INTO Pays (CodeIso3, name, surfacearea, indepyear, population, lifeexpectancy, gnp, gnpold, localName, CodeIso2, idRegion, idgovform, idheadofstate) VALUES ('VGB', 'Virgin Islands, British                             ', 151, NULL, 21000, 75.400000000000006, 612, 573, 'British Virgin Islands                       ', 'VG', 5, 24, 165);
INSERT INTO Pays (CodeIso3, name, surfacearea, indepyear, population, lifeexpectancy, gnp, gnpold, localName, CodeIso2, idRegion, idgovform, idheadofstate) VALUES ('VIR', 'Virgin Islands, U.S.                                ', 347, NULL, 93000, 78.099999999999994, 0, NULL, 'Virgin Islands of the United States          ', 'VI', 5, 7, 142);
INSERT INTO Pays (CodeIso3, name, surfacearea, indepyear, population, lifeexpectancy, gnp, gnpold, localName, CodeIso2, idRegion, idgovform, idheadofstate) VALUES ('VNM', 'Vietnam                                             ', 331689, 1945, 79832000, 69.299999999999997, 21929, 22834, 'Viêt Nam                                     ', 'VN', 20, 18, 100);
INSERT INTO Pays (CodeIso3, name, surfacearea, indepyear, population, lifeexpectancy, gnp, gnpold, localName, CodeIso2, idRegion, idgovform, idheadofstate) VALUES ('VUT', 'Vanuatu                                             ', 12189, 1980, 190000, 60.600000000000001, 261, 246, 'Vanuatu                                      ', 'VU', 11, 5, 169);
INSERT INTO Pays (CodeIso3, name, surfacearea, indepyear, population, lifeexpectancy, gnp, gnpold, localName, CodeIso2, idRegion, idgovform, idheadofstate) VALUES ('WLF', 'Wallis and Futuna                                   ', 200, NULL, 15000, NULL, 0, NULL, 'Wallis-et-Futuna                             ', 'WF', 18, 25, 59);
INSERT INTO Pays (CodeIso3, name, surfacearea, indepyear, population, lifeexpectancy, gnp, gnpold, localName, CodeIso2, idRegion, idgovform, idheadofstate) VALUES ('WSM', 'Samoa                                               ', 2831, 1962, 180000, 69.200000000000003, 141, 157, 'Samoa                                        ', 'WS', 18, 33, 8);
INSERT INTO Pays (CodeIso3, name, surfacearea, indepyear, population, lifeexpectancy, gnp, gnpold, localName, CodeIso2, idRegion, idgovform, idheadofstate) VALUES ('YEM', 'Yemen                                               ', 527968, 1918, 18112000, 59.799999999999997, 6041, 5729, 'Al-Yaman                                     ', 'YE', 14, 5, 70);
INSERT INTO Pays (CodeIso3, name, surfacearea, indepyear, population, lifeexpectancy, gnp, gnpold, localName, CodeIso2, idRegion, idgovform, idheadofstate) VALUES ('YUG', 'Yugoslavia                                          ', 102173, 1918, 10640000, 72.400000000000006, 17000, NULL, 'Jugoslavija                                  ', 'YU', 23, 19, 113);
INSERT INTO Pays (CodeIso3, name, surfacearea, indepyear, population, lifeexpectancy, gnp, gnpold, localName, CodeIso2, idRegion, idgovform, idheadofstate) VALUES ('ZAF', 'South Africa                                        ', 1221037, 1910, 40377000, 51.100000000000001, 116729, 129092, 'South Africa                                 ', 'ZA', 21, 5, 9);
INSERT INTO Pays (CodeIso3, name, surfacearea, indepyear, population, lifeexpectancy, gnp, gnpold, localName, CodeIso2, idRegion, idgovform, idheadofstate) VALUES ('ZMB', 'Zambia                                              ', 752618, 1964, 9169000, 37.200000000000003, 3377, 3922, 'Zambia                                       ', 'ZM', 8, 5, 144);
INSERT INTO Pays (CodeIso3, name, surfacearea, indepyear, population, lifeexpectancy, gnp, gnpold, localName, CodeIso2, idRegion, idgovform, idheadofstate) VALUES ('ZWE', 'Zimbabwe                                            ', 390757, 1980, 11669000, 37.799999999999997, 5951, 8670, 'Zimbabwe                                     ', 'ZW', 8, 5, 41);

ALTER TABLE dbo.Continents
ADD CONSTRAINT Continents_pk PRIMARY KEY (idContinent);

ALTER TABLE dbo.Regions
ADD CONSTRAINT Regions_pk PRIMARY KEY (idRegion);

ALTER TABLE dbo.Pays
ADD CONSTRAINT Pays_pk PRIMARY KEY (CodeIso3);

ALTER TABLE dbo.Villes
ADD CONSTRAINT Villes_pk PRIMARY KEY (idVille);

ALTER TABLE dbo.Regions
ADD CONSTRAINT Regions_Continents_fk FOREIGN KEY (idContinent) 
  REFERENCES dbo.Continents (idContinent) 
  ON UPDATE NO ACTION
  ON DELETE NO ACTION;
  
ALTER TABLE dbo.Pays
ADD CONSTRAINT Pays_Regions_fk FOREIGN KEY (idRegion) 
  REFERENCES dbo.Regions (idRegion) 
  ON UPDATE NO ACTION
  ON DELETE NO ACTION;
  
